video_time_seconds,zone1,zone2,zone3,total
0.0,17,2,11,47
0.03,17,2,11,47
0.07,17,2,11,47
0.1,17,2,11,47
0.13,17,2,11,46
0.16,17,2,10,48
0.2,18,4,10,51
0.23,17,4,10,50
0.26,17,4,11,51
0.29,18,4,11,52
0.33,16,4,11,49
0.36,16,4,11,48
0.39,16,3,9,46
0.43,16,3,9,44
0.46,15,3,8,43
0.49,15,4,8,43
0.52,16,4,8,42
0.56,17,4,7,42
0.59,17,4,7,42
0.62,17,4,7,42
0.66,16,4,7,41
0.69,16,2,7,39
0.72,15,2,7,38
0.75,16,2,7,39
0.79,17,3,7,41
0.82,17,3,6,41
0.85,18,3,8,43
0.88,16,3,8,41
0.92,16,3,8,40
0.95,16,3,8,41
0.98,16,3,8,40
1.02,16,3,8,40
1.05,17,3,8,41
1.08,17,3,8,41
1.11,17,3,8,41
1.15,17,3,9,41
1.18,18,3,8,42
1.21,18,3,9,42
1.25,19,3,8,41
1.28,19,3,7,39
1.31,20,3,6,38
1.34,20,3,7,38
1.38,20,4,8,39
1.41,19,4,9,42
1.44,17,4,10,41
1.47,18,4,10,42
1.51,17,3,9,39
1.54,16,3,9,39
1.57,16,3,9,38
1.61,16,4,9,39
1.64,16,4,10,39
1.67,17,4,10,40
1.7,18,4,12,43
1.74,18,4,10,43
1.77,17,4,9,43
1.8,18,4,10,45
1.83,18,4,10,44
1.87,18,4,9,44
1.9,18,4,9,44
1.93,18,3,10,44
1.97,18,3,10,45
2.0,18,1,10,44
2.03,18,1,10,45
2.06,18,1,11,46
2.1,18,1,10,45
2.13,18,1,10,45
2.16,19,1,11,47
2.2,20,1,12,47
2.23,20,1,12,47
2.26,20,1,12,47
2.29,20,1,11,47
2.33,20,1,13,48
2.36,19,2,13,47
2.39,19,2,12,46
2.42,19,1,11,44
2.46,18,1,11,44
2.49,18,1,10,42
2.52,18,1,11,43
2.56,18,1,9,41
2.59,18,1,9,41
2.62,18,1,8,40
2.65,18,1,9,40
2.69,18,1,9,42
2.72,18,1,9,42
2.75,16,1,7,39
2.79,17,1,8,40
2.82,18,1,8,39
2.85,17,1,8,40
2.88,17,1,8,40
2.92,17,1,8,40
2.95,14,0,8,36
2.98,14,0,8,36
3.01,12,0,7,33
3.05,13,0,8,35
3.08,13,2,7,37
3.11,14,3,7,39
3.15,12,3,7,37
3.18,13,3,9,39
3.21,13,3,10,40
3.24,13,3,11,42
3.28,13,3,11,41
3.31,13,3,12,43
3.34,14,3,12,45
3.38,14,3,12,45
3.41,14,3,12,46
3.44,14,3,13,46
3.47,14,3,13,47
3.51,13,3,12,45
3.54,15,3,12,46
3.57,15,3,9,42
3.6,15,3,9,41
3.64,15,3,10,40
3.67,14,3,11,40
3.7,15,3,11,41
3.74,16,2,10,40
3.77,16,3,10,41
3.8,16,3,10,41
3.83,15,3,10,40
3.87,14,3,9,39
3.9,14,3,9,38
3.93,13,4,10,40
3.96,12,4,10,39
4.0,12,4,10,39
4.03,12,5,10,40
4.06,11,5,9,40
4.1,11,5,10,41
4.13,11,5,9,42
4.16,11,5,9,43
4.19,11,4,9,42
4.23,11,4,9,42
4.26,14,4,9,44
4.29,14,4,8,42
4.33,14,4,8,42
4.36,16,4,8,44
4.39,16,3,8,43
4.42,17,3,8,43
4.46,16,2,9,41
4.49,15,2,8,40
4.52,14,2,9,41
4.55,15,3,8,41
4.59,14,3,9,40
4.62,14,5,8,40
4.65,15,6,8,40
4.69,16,7,9,43
4.72,15,8,9,45
4.75,17,8,9,44
4.78,18,8,8,45
4.82,18,8,8,45
4.85,18,8,8,46
4.88,18,7,8,46
4.92,18,7,6,46
4.95,16,6,7,45
4.98,14,6,7,43
5.01,14,5,7,42
5.05,15,5,7,44
5.08,15,5,7,44
5.11,17,4,7,43
5.14,16,4,7,43
5.18,17,2,7,42
5.21,16,3,6,42
5.24,16,2,7,42
5.28,15,4,7,44
5.31,14,5,7,42
5.34,14,5,7,44
5.37,14,5,7,43
5.41,14,4,6,42
5.44,14,4,6,44
5.47,16,4,6,45
5.5,16,4,7,44
5.54,14,4,7,42
5.57,14,4,7,44
5.6,14,4,7,44
5.64,14,4,7,43
5.67,15,4,7,45
5.7,15,3,8,43
5.73,15,3,7,41
5.77,15,3,8,43
5.8,16,2,8,41
5.83,15,2,8,41
5.87,17,2,8,41
5.9,16,2,7,40
5.93,15,2,7,39
5.96,14,2,9,40
6.0,14,3,10,39
6.03,15,3,10,39
6.06,15,2,9,37
6.09,15,2,9,36
6.13,16,2,9,37
6.16,17,2,9,37
6.19,17,2,8,37
6.23,16,2,8,37
6.26,16,2,8,37
6.29,14,2,8,36
6.32,15,3,8,38
6.36,13,3,9,39
6.39,13,4,9,40
6.42,14,4,9,40
6.46,15,4,9,41
6.49,15,4,9,41
6.52,15,4,10,41
6.55,16,4,11,43
6.59,16,4,11,43
6.62,15,4,11,42
6.65,15,4,10,40
6.68,16,4,11,43
6.72,15,4,11,42
6.75,15,4,10,42
6.78,15,3,10,41
6.82,15,3,10,40
6.85,15,3,10,40
6.88,14,3,11,42
6.91,13,3,11,41
6.95,14,3,11,42
6.98,13,3,11,40
7.01,13,3,10,39
7.05,13,3,10,39
7.08,15,3,10,41
7.11,13,4,11,41
7.14,16,4,12,44
7.18,16,4,10,42
7.21,16,4,10,42
7.24,15,4,10,41
7.27,16,4,9,41
7.31,17,3,9,41
7.34,16,3,8,40
7.37,15,3,8,39
7.41,14,3,8,39
7.44,14,3,8,39
7.47,14,3,9,40
7.5,15,3,10,40
7.54,15,3,9,42
7.57,14,3,9,42
7.6,16,3,9,42
7.63,17,3,9,43
7.67,18,3,9,45
7.7,21,3,9,48
7.73,21,3,9,48
7.77,21,3,10,49
7.8,20,3,11,48
7.83,19,3,11,47
7.86,19,4,11,48
7.9,18,4,11,47
7.93,19,4,11,48
7.96,20,4,11,47
8.0,18,3,11,43
8.03,16,3,10,42
8.06,17,3,9,42
8.09,17,4,9,43
8.13,17,3,9,41
8.16,17,3,9,41
8.19,18,3,9,44
8.22,17,2,8,41
8.26,17,2,9,42
8.29,17,2,8,41
8.32,17,1,9,41
8.36,17,1,9,41
8.39,19,2,8,44
8.42,19,2,8,43
8.45,20,2,9,45
8.49,19,2,9,44
8.52,20,2,9,44
8.55,20,2,8,44
8.59,21,2,9,46
8.62,19,2,9,45
8.65,19,2,9,45
8.68,19,2,9,45
8.72,19,2,9,45
8.75,19,2,9,45
8.78,19,2,10,45
8.81,19,2,11,47
8.85,18,2,11,45
8.88,19,2,11,45
8.91,20,2,10,46
8.95,22,2,10,47
8.98,22,1,10,47
9.01,22,1,10,47
9.04,19,1,9,43
9.08,20,1,10,45
9.11,20,1,10,44
9.14,22,1,10,45
9.17,23,1,10,46
9.21,23,1,11,47
9.24,22,1,11,46
9.27,22,1,9,44
9.31,21,1,9,43
9.34,20,1,10,44
9.37,20,1,10,43
9.4,21,1,10,43
9.44,21,1,10,42
9.47,21,1,10,43
9.5,21,1,10,44
9.54,23,1,10,47
9.57,23,1,9,45
9.6,22,1,10,46
9.63,22,1,9,46
9.67,21,1,10,45
9.7,21,1,12,45
9.73,23,1,14,49
9.76,24,1,14,50
9.8,25,1,14,50
9.83,24,1,13,48
9.86,21,1,13,44
9.9,23,1,12,46
9.93,22,1,12,46
9.96,21,2,11,47
9.99,21,2,11,45
10.03,22,1,11,43
10.06,21,1,11,42
10.09,20,1,11,41
10.13,21,1,13,45
10.16,20,1,12,43
10.19,21,1,12,44
10.22,21,1,13,46
10.26,22,1,12,45
10.29,22,1,13,46
10.32,21,1,13,45
10.35,22,1,14,47
10.39,22,1,12,46
10.42,24,1,12,48
10.45,24,1,11,48
10.49,24,1,11,48
10.52,23,1,12,49
10.55,23,1,12,50
10.58,23,1,13,50
10.62,23,1,13,50
10.65,23,1,13,49
10.68,23,1,13,49
10.71,23,1,13,50
10.75,24,1,14,52
10.78,24,1,14,52
10.81,24,1,14,52
10.85,25,1,13,52
10.88,26,1,11,50
10.91,26,1,11,49
10.94,25,1,11,49
10.98,24,0,12,48
11.01,23,0,12,46
11.04,24,0,12,47
11.08,24,0,12,47
11.11,24,1,11,49
11.14,24,1,11,48
11.17,25,1,11,50
11.21,25,1,11,48
11.24,25,2,11,49
11.27,24,1,11,47
11.3,22,1,12,47
11.34,22,1,12,46
11.37,21,1,13,45
11.4,21,0,13,43
11.44,21,1,13,44
11.47,21,1,12,44
11.5,21,1,12,43
11.53,21,1,13,43
11.57,22,1,13,45
11.6,22,2,13,46
11.63,22,2,13,46
11.67,21,2,13,45
11.7,21,2,13,45
11.73,21,2,13,44
11.76,20,2,13,43
11.8,18,1,13,41
11.83,18,0,13,39
11.86,19,0,14,42
11.89,20,0,14,42
11.93,21,0,14,43
11.96,22,0,12,42
11.99,22,1,11,43
12.03,21,1,11,42
12.06,21,1,13,45
12.09,21,2,14,46
12.12,20,2,12,45
12.16,20,2,11,44
12.19,19,2,12,43
12.22,18,2,11,42
12.26,18,1,11,41
12.29,18,0,11,39
12.32,19,1,11,41
12.35,17,1,10,40
12.39,16,1,11,40
12.42,16,1,10,39
12.45,17,1,11,40
12.48,17,1,9,39
12.52,18,1,9,40
12.55,18,1,9,40
12.58,18,1,10,42
12.62,17,1,10,41
12.65,18,1,9,42
12.68,20,1,10,44
12.71,20,1,9,43
12.75,19,1,9,42
12.78,18,1,9,41
12.81,18,1,9,41
12.84,20,1,9,43
12.88,19,1,9,39
12.91,18,1,9,39
12.94,18,1,8,38
12.98,17,1,9,37
13.01,18,0,9,37
13.04,19,0,8,36
13.07,20,0,8,39
13.11,19,1,7,38
13.14,19,1,7,39
13.17,18,1,7,38
13.21,18,1,6,37
13.24,20,1,6,38
13.27,21,1,8,41
13.3,21,1,7,42
13.34,22,1,7,43
13.37,22,3,7,47
13.4,23,3,6,47
13.43,23,4,6,48
13.47,21,4,6,46
13.5,21,2,6,43
13.53,22,2,7,45
13.57,20,2,6,41
13.6,21,2,6,43
13.63,19,2,9,44
13.66,19,1,9,43
13.7,19,3,7,44
13.73,20,3,7,46
13.76,21,3,8,48
13.8,20,3,8,47
13.83,19,3,9,45
13.86,19,3,11,45
13.89,19,3,11,45
13.93,19,3,11,44
13.96,19,2,10,43
13.99,19,2,9,43
14.02,22,2,9,47
14.06,22,2,8,46
14.09,22,2,9,46
14.12,22,2,9,45
14.16,22,2,9,45
14.19,22,3,7,44
14.22,21,3,8,44
14.25,22,3,8,45
14.29,20,3,7,43
14.32,20,3,8,45
14.35,20,3,8,45
14.38,20,2,8,43
14.42,21,2,8,46
14.45,20,2,8,45
14.48,22,2,7,45
14.52,21,1,6,43
14.55,22,1,7,44
14.58,22,0,9,45
14.61,22,0,9,46
14.65,20,0,10,45
14.68,20,1,9,46
14.71,20,2,9,47
14.75,20,2,9,46
14.78,19,2,9,43
14.81,19,2,8,44
14.84,19,2,8,44
14.88,19,2,9,44
14.91,19,2,9,44
14.94,19,2,9,44
14.97,19,2,10,45
15.01,18,3,10,45
15.04,18,1,9,43
15.07,13,1,10,39
15.11,16,0,9,40
15.14,16,0,10,42
15.17,17,0,9,41
15.2,17,0,10,41
15.24,15,0,9,38
15.27,16,0,9,38
15.3,17,0,9,39
15.34,17,0,9,39
15.37,18,1,11,43
15.4,17,1,11,42
15.43,18,1,11,42
15.47,18,1,11,43
15.5,18,0,11,42
15.53,17,0,11,41
15.56,16,0,10,39
15.6,16,0,11,40
15.63,16,0,10,38
15.66,18,0,11,41
15.7,19,0,11,42
15.73,19,1,11,43
15.76,21,1,10,44
15.79,20,1,11,43
15.83,21,2,8,43
15.86,21,2,9,45
15.89,21,2,9,45
15.93,21,2,10,46
15.96,21,2,10,46
15.99,22,2,10,47
16.02,23,2,10,49
16.06,22,2,10,49
16.09,24,2,9,51
16.12,24,2,9,50
16.15,23,1,9,48
16.19,20,1,9,46
16.22,18,1,9,45
16.25,17,1,9,44
16.29,18,1,9,45
16.32,20,1,10,48
16.35,18,1,11,47
16.38,18,1,12,48
16.42,19,1,11,48
16.45,20,1,11,48
16.48,19,1,10,47
16.51,19,1,10,46
16.55,19,1,9,45
16.58,19,1,10,46
16.61,19,1,10,46
16.65,19,1,10,44
16.68,20,1,11,46
16.71,19,1,11,44
16.74,19,1,11,45
16.78,19,1,11,45
16.81,20,1,11,46
16.84,20,1,11,47
16.88,20,1,10,47
16.91,20,1,10,46
16.94,18,1,10,45
16.97,17,1,10,45
17.01,15,1,10,44
17.04,15,1,10,44
17.07,14,1,9,42
17.1,15,1,8,42
17.14,15,1,8,42
17.17,15,1,7,42
17.2,15,1,8,42
17.24,16,1,8,43
17.27,16,1,8,44
17.3,17,1,8,43
17.33,19,1,9,45
17.37,19,1,10,46
17.4,19,1,11,47
17.43,19,1,11,47
17.47,19,0,10,46
17.5,20,0,10,47
17.53,20,0,10,47
17.56,20,0,10,47
17.6,20,0,10,46
17.63,21,1,9,47
17.66,22,1,10,49
17.69,21,1,10,48
17.73,22,1,9,48
17.76,20,1,9,45
17.79,21,1,9,46
17.83,18,2,9,45
17.86,17,1,9,44
17.89,18,1,9,44
17.92,19,1,9,45
17.96,18,1,9,45
17.99,18,1,9,45
18.02,18,1,9,45
18.05,17,1,9,44
18.09,17,1,9,45
18.12,16,0,9,42
18.15,16,0,9,42
18.19,16,0,9,41
18.22,17,0,9,42
18.25,20,0,9,45
18.28,20,0,9,44
18.32,18,1,9,44
18.35,17,1,9,44
18.38,18,1,9,46
18.42,18,0,9,46
18.45,18,0,8,45
18.48,14,0,8,41
18.51,16,0,7,41
18.55,15,0,7,40
18.58,15,0,9,41
18.61,17,0,8,42
18.64,17,0,8,41
18.68,17,0,8,41
18.71,17,0,7,40
18.74,18,0,7,40
18.78,17,0,7,40
18.81,19,0,7,41
18.84,18,0,7,41
18.87,19,0,7,42
18.91,19,0,7,42
18.94,18,0,7,41
18.97,18,0,7,41
19.01,15,0,7,37
19.04,16,0,8,41
19.07,16,0,7,40
19.1,16,0,8,41
19.14,15,0,8,39
19.17,17,0,8,41
19.2,16,0,8,40
19.23,17,0,8,40
19.27,19,0,8,42
19.3,19,0,8,42
19.33,19,0,7,41
19.37,19,0,7,41
19.4,19,0,7,41
19.43,18,0,6,39
19.46,19,1,7,42
19.5,18,1,7,41
19.53,18,1,7,42
19.56,19,1,7,43
19.59,19,1,7,42
19.63,19,1,7,42
19.66,19,1,7,41
19.69,18,1,7,39
19.73,17,1,7,38
19.76,17,1,7,37
19.79,17,2,7,39
19.82,17,2,7,40
19.86,18,2,8,41
19.89,17,2,7,40
19.92,20,2,7,42
19.96,20,2,6,42
19.99,21,2,7,43
20.02,21,2,5,41
20.05,21,2,6,41
20.09,21,2,5,39
20.12,21,1,5,38
20.15,20,2,5,38
20.18,20,2,5,38
20.22,18,3,5,38
20.25,19,3,5,38
20.28,19,3,5,38
20.32,19,3,5,39
20.35,19,3,6,39
20.38,20,2,6,39
20.41,21,1,5,38
20.45,22,1,5,39
20.48,21,1,5,38
20.51,24,1,5,40
20.55,24,1,5,40
20.58,24,1,5,41
20.61,24,1,5,40
20.64,24,1,6,41
20.68,24,0,6,40
20.71,27,0,6,44
20.74,26,0,6,44
20.77,25,0,6,43
20.81,27,0,5,44
20.84,26,0,5,42
20.87,25,0,5,41
20.91,26,0,5,41
20.94,27,0,5,42
20.97,26,0,5,41
21.0,25,1,5,42
21.04,27,1,6,45
21.07,27,1,6,46
21.1,24,1,5,42
21.14,24,1,5,43
21.17,24,1,6,44
21.2,23,1,7,42
21.23,24,1,7,43
21.27,20,1,7,40
21.3,19,2,7,40
21.33,18,1,6,38
21.36,16,1,6,36
21.4,18,1,6,39
21.43,18,1,7,39
21.46,20,1,6,42
21.5,18,2,6,41
21.53,20,2,6,42
21.56,19,2,7,43
21.59,17,2,9,42
21.63,18,2,9,43
21.66,16,2,8,42
21.69,16,3,8,42
21.72,16,3,7,39
21.76,17,3,7,40
21.79,17,3,7,40
21.82,16,2,7,38
21.86,15,2,7,37
21.89,17,1,7,39
21.92,17,1,7,39
21.95,16,2,7,40
21.99,16,3,7,41
22.02,16,3,7,40
22.05,17,3,7,41
22.09,17,3,6,41
22.12,18,3,6,41
22.15,19,3,6,41
22.18,18,3,6,42
22.22,19,3,6,43
22.25,18,3,7,42
22.28,18,3,7,42
22.31,15,3,7,39
22.35,18,3,8,42
22.38,20,3,8,43
22.41,20,3,7,42
22.45,20,2,7,41
22.48,21,2,6,41
22.51,22,3,5,43
22.54,22,3,5,43
22.58,22,3,5,43
22.61,23,3,5,44
22.64,23,2,5,43
22.68,22,2,6,43
22.71,20,2,6,41
22.74,21,2,6,42
22.77,19,2,5,40
22.81,20,2,5,41
22.84,21,2,5,42
22.87,19,2,6,41
22.9,19,2,5,40
22.94,21,4,6,46
22.97,22,4,7,48
23.0,23,4,7,48
23.04,21,5,8,48
23.07,20,5,8,47
23.1,23,5,8,51
23.13,23,5,9,52
23.17,21,4,8,50
23.2,23,3,8,50
23.23,22,3,9,50
23.26,21,3,9,50
23.3,21,3,9,46
23.33,20,3,10,48
23.36,21,3,8,47
23.4,22,3,8,48
23.43,22,3,7,47
23.46,22,3,7,47
23.49,22,3,6,45
23.53,24,3,6,47
23.56,27,3,6,50
23.59,26,3,6,49
23.63,24,3,6,48
23.66,25,3,7,48
23.69,23,3,7,46
23.72,25,4,8,50
23.76,24,4,8,49
23.79,22,3,8,46
23.82,22,3,6,45
23.85,22,3,7,45
23.89,20,3,6,42
23.92,20,3,6,42
23.95,19,3,8,42
23.99,17,3,8,41
24.02,19,3,8,43
24.05,19,2,7,42
24.08,20,2,7,43
24.12,21,2,8,44
24.15,21,3,7,45
24.18,24,3,7,49
24.22,23,3,8,48
24.25,23,3,7,47
24.28,22,3,7,45
24.31,21,2,7,44
24.35,22,3,8,46
24.38,21,4,7,45
24.41,21,4,8,47
24.44,20,4,8,46
24.48,20,4,8,47
24.51,19,4,7,45
24.54,18,4,7,44
24.58,17,5,6,45
24.61,16,5,6,44
24.64,16,5,6,44
24.67,16,4,6,42
24.71,16,3,6,40
24.74,16,3,7,41
24.77,15,2,7,40
24.81,16,2,8,42
24.84,16,2,7,42
24.87,17,2,7,44
24.9,18,2,7,45
24.94,18,2,9,45
24.97,18,3,9,46
25.0,18,3,7,44
25.03,21,4,8,48
25.07,21,4,8,48
25.1,20,4,7,46
25.13,20,3,7,45
25.17,19,3,7,44
25.2,19,3,6,44
25.23,19,3,7,42
25.26,18,3,6,40
25.3,19,3,6,40
25.33,20,3,6,41
25.36,21,3,6,42
25.39,22,3,6,43
25.43,21,3,7,42
25.46,19,3,7,40
25.49,19,3,7,41
25.53,20,3,7,43
25.56,20,3,7,43
25.59,19,2,8,41
25.62,21,1,7,41
25.66,21,1,6,42
25.69,21,1,6,42
25.72,19,1,6,40
25.76,19,1,7,41
25.79,18,2,7,40
25.82,18,2,7,40
25.85,19,2,7,43
25.89,20,2,8,45
25.92,19,1,8,43
25.95,20,1,8,44
25.98,21,2,9,46
26.02,21,1,9,45
26.05,21,1,8,45
26.08,21,0,8,44
26.12,21,0,8,43
26.15,21,0,8,43
26.18,19,0,8,41
26.21,19,0,7,40
26.25,18,0,6,38
26.28,18,0,6,38
26.31,19,0,6,39
26.35,19,0,6,39
26.38,19,0,6,40
26.41,18,0,6,39
26.44,17,0,5,39
26.48,15,0,5,36
26.51,15,0,6,36
26.54,16,1,6,38
26.57,15,1,6,37
26.61,16,1,6,38
26.64,19,1,7,39
26.67,19,1,7,39
26.71,19,1,7,39
26.74,19,1,7,39
26.77,18,2,8,39
26.8,19,2,8,40
26.84,18,2,8,39
26.87,18,2,10,41
26.9,18,2,9,41
26.93,19,3,9,44
26.97,18,3,8,42
27.0,18,3,8,42
27.03,17,3,8,41
27.07,17,3,8,42
27.1,16,3,9,41
27.13,17,3,9,43
27.16,16,3,9,42
27.2,17,3,9,43
27.23,17,3,9,43
27.26,19,3,10,47
27.3,20,2,10,46
27.33,22,2,10,48
27.36,23,2,10,49
27.39,22,2,10,47
27.43,20,1,10,44
27.46,20,1,10,43
27.49,21,1,10,45
27.52,21,1,8,44
27.56,21,2,8,46
27.59,21,2,7,44
27.62,20,2,8,42
27.66,20,2,8,41
27.69,21,2,9,42
27.72,20,1,10,41
27.75,19,1,10,40
27.79,19,1,9,40
27.82,19,1,9,40
27.85,19,1,8,38
27.89,17,1,8,37
27.92,17,1,8,38
27.95,18,1,8,38
27.98,18,1,10,41
28.02,16,1,9,39
28.05,16,1,9,39
28.08,16,1,9,40
28.11,16,1,9,41
28.15,16,1,8,42
28.18,15,1,8,40
28.21,16,1,8,41
28.25,15,1,8,40
28.28,15,1,8,40
28.31,15,1,8,39
28.34,15,1,7,40
28.38,15,1,9,41
28.41,14,2,9,41
28.44,13,2,10,40
28.47,14,2,11,41
28.51,14,2,12,41
28.54,14,2,12,41
28.57,14,1,12,40
28.61,14,1,11,39
28.64,15,1,9,38
28.67,16,0,9,38
28.7,16,0,9,38
28.74,14,0,9,36
28.77,16,0,9,40
28.8,18,0,9,42
28.84,17,0,9,41
28.87,18,0,10,43
28.9,20,0,10,45
28.93,20,1,11,46
28.97,18,1,11,45
29.0,17,1,11,45
29.03,16,1,10,43
29.06,16,2,8,43
29.1,16,1,8,42
29.13,14,1,8,40
29.16,15,1,8,41
29.2,14,1,7,39
29.23,15,1,7,40
29.26,14,0,7,39
29.29,15,0,7,41
29.33,14,0,7,39
29.36,12,0,7,37
29.39,13,0,7,39
29.43,13,0,7,39
29.46,13,0,7,39
29.49,13,0,8,40
29.52,14,0,8,40
29.56,14,0,9,41
29.59,14,0,9,40
29.62,15,0,9,40
29.65,15,0,9,40
29.69,14,0,9,39
29.72,14,0,9,38
29.75,14,0,9,38
29.79,15,0,9,39
29.82,15,0,9,39
29.85,14,0,9,39
29.88,15,0,9,39
29.92,16,0,9,41
29.95,16,0,9,41
29.98,17,0,9,43
30.02,17,0,9,41
30.05,16,0,8,40
30.08,17,0,8,41
30.11,16,0,8,40
30.15,16,0,8,40
30.18,16,0,9,41
30.21,17,0,7,39
30.24,17,0,7,39
30.28,17,0,7,39
30.31,17,0,7,39
30.34,17,0,7,39
30.38,16,0,7,38
30.41,15,0,7,37
30.44,16,0,7,37
30.47,16,0,7,37
30.51,16,0,9,39
30.54,16,0,9,39
30.57,15,0,9,39
30.6,15,0,10,39
30.64,16,0,9,40
30.67,16,1,9,41
30.7,16,1,9,41
30.74,16,1,9,41
30.77,15,1,9,40
30.8,16,1,9,40
30.83,16,0,8,38
30.87,15,0,9,38
30.9,15,0,10,39
30.93,13,1,9,37
30.97,12,1,9,35
31.0,12,1,8,34
31.03,12,1,8,35
31.06,11,1,7,35
31.1,13,1,7,37
31.13,13,1,7,36
31.16,13,1,6,36
31.19,13,1,6,35
31.23,14,2,6,34
